;word_counts;Artist;Title;Mood
0;{1: 5, 2: 4, 3: 3, 4: 2, 5: 1, 6: 11, 9: 4, 12: 9, 13: 3, 15: 2, 16: 1, 18: 1, 23: 3, 29: 1, 30: 1, 32: 1, 35: 1, 40: 1, 53: 3, 56: 1, 57: 3, 59: 1, 61: 1, 63: 1, 68: 3, 80: 1, 91: 1, 93: 1, 98: 1, 101: 1, 105: 1, 115: 1, 123: 1, 129: 17, 146: 9, 155: 1, 171: 1, 178: 13, 204: 1, 225: 1, 228: 1, 251: 1, 264: 1, 278: 1, 279: 1, 287: 1, 290: 1, 323: 1, 330: 1, 340: 3, 440: 1, 618: 1, 651: 1, 927: 1, 2221: 1, 2261: 1, 2581: 1, 3452: 1, 4470: 1};Adam Ant;Something Girls;relaxed
1;{2: 5, 4: 1, 5: 2, 6: 3, 7: 1, 8: 2, 9: 1, 10: 1, 12: 1, 15: 3, 26: 1, 28: 1, 35: 1, 39: 1, 83: 1, 87: 1, 93: 1, 115: 1, 124: 2, 135: 1, 137: 1, 167: 1, 205: 1, 231: 1, 249: 2, 292: 1, 324: 1, 361: 2, 471: 1, 528: 1, 546: 1, 701: 1, 901: 1, 1035: 1, 1043: 1, 1265: 1, 1430: 1, 2332: 1, 2961: 1, 3052: 1, 3413: 2};The Suicide Machines;Burning In The Aftermath;angry
2;{1: 3, 2: 4, 3: 16, 4: 1, 6: 1, 8: 2, 9: 4, 10: 3, 12: 2, 13: 1, 16: 2, 18: 1, 21: 1, 23: 2, 24: 1, 26: 2, 27: 8, 29: 1, 32: 1, 40: 1, 48: 2, 58: 1, 62: 2, 66: 2, 69: 8, 74: 1, 80: 1, 81: 1, 91: 1, 99: 2, 122: 1, 131: 3, 160: 1, 256: 2, 262: 1, 264: 2, 278: 2, 282: 2, 370: 7, 481: 2, 574: 1, 625: 1, 751: 1, 806: 1, 1075: 1, 1107: 1, 1313: 1, 1826: 1, 3484: 1};Dean Martin;Until You Love Someone;happy
3;{1: 2, 2: 19, 3: 8, 4: 9, 5: 14, 6: 2, 7: 2, 8: 3, 9: 1, 10: 11, 11: 12, 12: 2, 13: 4, 14: 3, 15: 2, 16: 1, 18: 2, 19: 1, 22: 1, 23: 2, 25: 1, 27: 1, 29: 1, 31: 2, 34: 1, 35: 1, 36: 2, 41: 1, 44: 4, 48: 12, 51: 8, 53: 2, 56: 1, 58: 2, 70: 1, 71: 1, 72: 3, 75: 1, 78: 1, 87: 2, 88: 1, 91: 1, 93: 1, 103: 2, 105: 1, 111: 1, 119: 1, 132: 4, 141: 2, 144: 1, 145: 1, 148: 1, 154: 1, 157: 1, 168: 1, 175: 8, 184: 1, 207: 1, 210: 1, 216: 1, 220: 1, 225: 1, 229: 4, 287: 1, 336: 1, 352: 1, 354: 4, 367: 10, 369: 10, 381: 1, 398: 2, 430: 10, 450: 8, 456: 1, 476: 2, 477: 1, 489: 1, 523: 4, 542: 1, 624: 1, 625: 1, 651: 1, 654: 1, 678: 1, 707: 2, 776: 1, 814: 1, 915: 1, 976: 4, 990: 1, 1012: 1, 1145: 1, 1171: 1, 1327: 1, 1344: 1, 1358: 1, 1360: 10, 1487: 1, 1704: 1, 1888: 1, 2055: 1, 2069: 3, 2097: 1, 2385: 2, 2488: 1, 2800: 1, 3047: 1, 3185: 1, 3911: 1, 4639: 1};Panic At The Disco;Northern Downpour (Album Version);sad
4;{1: 11, 2: 9, 3: 7, 4: 1, 5: 4, 6: 4, 7: 9, 8: 1, 10: 1, 11: 4, 12: 1, 13: 2, 14: 1, 15: 3, 20: 1, 21: 5, 23: 11, 24: 2, 25: 5, 27: 2, 28: 6, 29: 3, 30: 1, 31: 1, 37: 1, 39: 1, 48: 3, 49: 3, 50: 1, 58: 3, 59: 1, 66: 1, 67: 1, 68: 1, 71: 2, 76: 1, 80: 2, 81: 1, 86: 4, 92: 2, 93: 1, 94: 2, 99: 1, 105: 1, 109: 8, 119: 2, 122: 1, 141: 1, 160: 1, 173: 1, 182: 1, 194: 1, 196: 1, 235: 8, 240: 1, 242: 1, 295: 1, 301: 1, 310: 1, 348: 3, 371: 1, 375: 1, 393: 2, 459: 1, 510: 1, 552: 1, 628: 1, 783: 1, 1120: 2, 1215: 1, 1233: 8, 1250: 1, 1285: 1, 1697: 3, 1700: 1};Robben Ford;Something For The Pain;angry
5;{1: 9, 2: 2, 3: 2, 5: 4, 6: 5, 8: 4, 10: 2, 11: 7, 17: 1, 21: 3, 22: 3, 23: 7, 25: 1, 27: 1, 29: 6, 31: 2, 33: 1, 34: 1, 35: 2, 41: 1, 43: 1, 44: 1, 50: 1, 58: 1, 59: 3, 61: 1, 65: 3, 75: 2, 79: 1, 100: 1, 124: 1, 127: 3, 144: 2, 154: 13, 164: 2, 167: 1, 173: 4, 199: 2, 238: 1, 289: 1, 320: 1, 356: 1, 406: 3, 427: 2, 480: 7, 575: 1, 617: 1, 628: 7, 1146: 1, 1228: 1, 1513: 1, 1747: 3, 3212: 1, 3819: 1};Skrape;Searching For Home;relaxed
6;{2: 1, 3: 4, 4: 2, 5: 2, 6: 11, 8: 13, 9: 10, 10: 1, 12: 7, 15: 1, 16: 4, 17: 1, 24: 3, 33: 1, 34: 1, 35: 1, 36: 12, 37: 1, 45: 7, 48: 1, 49: 3, 54: 2, 57: 2, 58: 1, 60: 8, 68: 2, 69: 1, 70: 4, 72: 1, 74: 4, 75: 1, 88: 1, 92: 2, 99: 1, 111: 1, 121: 1, 124: 1, 126: 2, 132: 1, 138: 1, 139: 4, 142: 1, 148: 3, 149: 1, 155: 2, 178: 4, 199: 1, 219: 3, 228: 1, 275: 1, 329: 1, 361: 9, 390: 1, 415: 1, 420: 7, 434: 1, 487: 1, 510: 1, 934: 1, 1031: 1, 1035: 4, 1149: 1, 1487: 1, 1542: 1, 1745: 1, 1776: 1, 3672: 9, 3997: 1, 4381: 1};Silverchair;Cicada;angry
7;{1: 5, 2: 13, 6: 1, 7: 3, 8: 2, 9: 1, 11: 4, 12: 1, 13: 1, 17: 2, 18: 2, 20: 1, 23: 2, 24: 2, 26: 1, 31: 3, 34: 2, 36: 1, 39: 1, 49: 4, 54: 2, 55: 1, 58: 1, 59: 1, 61: 1, 78: 1, 91: 1, 99: 1, 105: 1, 108: 2, 118: 1, 123: 1, 137: 1, 139: 1, 143: 1, 144: 2, 162: 2, 164: 1, 171: 1, 176: 1, 200: 2, 216: 1, 225: 1, 234: 2, 268: 1, 276: 1, 295: 1, 308: 2, 345: 1, 354: 1, 389: 1, 390: 1, 445: 1, 454: 1, 596: 3, 950: 1, 1120: 1, 1154: 1, 1407: 1, 1426: 1, 1469: 1, 1543: 1, 2141: 1, 2505: 8, 2646: 3, 2695: 3, 3023: 2, 3323: 1, 3718: 1};Suicidal Tendencies;Human Guinea Pig;sad
8;{1: 8, 2: 7, 3: 19, 4: 3, 7: 2, 8: 2, 9: 6, 11: 10, 17: 12, 18: 5, 20: 2, 21: 6, 27: 10, 34: 2, 41: 12, 44: 2, 48: 6, 56: 8, 63: 2, 101: 7, 157: 1, 160: 7, 169: 1, 206: 1, 278: 1, 390: 1, 432: 1, 481: 1, 637: 1, 1074: 5};Foo Fighters;If Ever;happy
9;{2: 9, 3: 17, 4: 3, 5: 11, 6: 4, 8: 8, 9: 5, 12: 1, 13: 6, 14: 8, 15: 2, 16: 2, 18: 5, 21: 2, 24: 5, 25: 2, 26: 6, 28: 2, 32: 2, 33: 6, 36: 1, 37: 2, 40: 1, 43: 2, 46: 2, 49: 15, 55: 5, 58: 1, 62: 2, 65: 1, 78: 5, 89: 1, 93: 1, 100: 2, 105: 2, 109: 5, 111: 2, 115: 1, 116: 2, 123: 5, 142: 4, 160: 2, 162: 1, 165: 1, 168: 2, 176: 1, 196: 5, 234: 2, 271: 3, 333: 2, 344: 2, 371: 1, 390: 2, 416: 2, 431: 1, 467: 2, 494: 2, 575: 1, 674: 1, 817: 2, 909: 1, 1045: 1, 1055: 1, 1125: 1, 1931: 2, 2096: 1, 2215: 1, 2482: 5, 2911: 4, 2946: 1, 3024: 2, 3050: 3};Muse;Stockholm Syndrome;angry
10;{2: 9, 3: 17, 4: 3, 5: 11, 6: 4, 8: 8, 9: 5, 12: 1, 13: 6, 14: 8, 15: 2, 16: 2, 18: 5, 21: 2, 24: 5, 25: 2, 26: 6, 28: 2, 32: 2, 33: 6, 36: 1, 37: 2, 40: 1, 43: 2, 46: 2, 49: 15, 55: 5, 58: 1, 62: 2, 65: 1, 78: 5, 89: 1, 93: 1, 100: 2, 105: 2, 109: 5, 111: 2, 115: 1, 116: 2, 123: 5, 142: 4, 160: 2, 162: 1, 165: 1, 168: 2, 176: 1, 196: 5, 234: 2, 271: 3, 333: 2, 344: 2, 371: 1, 390: 2, 416: 2, 431: 1, 467: 2, 494: 2, 575: 1, 674: 1, 817: 2, 909: 1, 1045: 1, 1055: 1, 1125: 1, 1931: 2, 2096: 1, 2215: 1, 2482: 5, 2911: 4, 2946: 1, 3024: 2, 3050: 3};Muse;Stockholm Syndrome;angry
11;{1: 17, 2: 22, 3: 8, 4: 8, 5: 9, 6: 2, 7: 4, 8: 2, 9: 3, 10: 2, 11: 5, 12: 8, 13: 3, 14: 3, 15: 1, 18: 1, 20: 8, 21: 1, 23: 1, 25: 2, 26: 4, 28: 2, 29: 2, 33: 1, 34: 3, 35: 2, 41: 6, 44: 2, 51: 2, 52: 1, 55: 2, 56: 4, 57: 3, 59: 2, 62: 4, 65: 11, 79: 1, 83: 2, 96: 2, 97: 1, 103: 2, 120: 1, 126: 1, 127: 2, 141: 2, 152: 1, 157: 1, 159: 2, 164: 2, 216: 2, 223: 1, 238: 8, 254: 2, 299: 1, 301: 1, 316: 1, 340: 2, 368: 2, 374: 1, 415: 1, 459: 2, 475: 2, 478: 1, 481: 1, 495: 2, 512: 1, 514: 1, 624: 2, 758: 1, 915: 3, 1062: 2, 1129: 2, 1149: 3, 1209: 1, 1222: 2, 1454: 2, 1506: 1, 1582: 2, 2759: 1, 2830: 1, 3051: 2, 3089: 2};Sick Puppies;Master Of The Universe;sad
12;{1: 8, 2: 18, 3: 5, 4: 1, 5: 4, 6: 1, 9: 2, 10: 1, 11: 3, 12: 1, 13: 6, 14: 2, 16: 1, 17: 5, 18: 1, 20: 3, 21: 3, 22: 2, 23: 1, 25: 2, 26: 1, 28: 1, 32: 1, 33: 1, 36: 1, 49: 2, 50: 1, 57: 1, 66: 2, 67: 1, 69: 1, 78: 2, 79: 1, 81: 2, 85: 1, 91: 1, 99: 1, 105: 1, 115: 1, 120: 1, 126: 1, 143: 1, 147: 1, 148: 1, 157: 1, 244: 1, 246: 2, 266: 1, 294: 1, 297: 1, 333: 1, 339: 1, 345: 1, 356: 1, 415: 1, 445: 1, 478: 1, 641: 1, 662: 1, 902: 1, 953: 1, 1390: 1, 1424: 1, 1529: 1, 1594: 1, 1700: 1, 2585: 1, 2857: 1, 3175: 4, 3710: 1, 4331: 1};Dimmu Borgir;The Fundamental Alienation;angry
13;{1: 6, 2: 17, 3: 6, 4: 7, 5: 17, 6: 2, 8: 18, 9: 2, 11: 6, 12: 4, 13: 1, 14: 3, 15: 5, 16: 13, 19: 23, 20: 1, 21: 3, 22: 3, 23: 1, 26: 1, 27: 3, 28: 1, 29: 4, 31: 1, 33: 2, 34: 3, 37: 2, 39: 3, 40: 13, 43: 1, 44: 1, 45: 2, 48: 3, 51: 2, 56: 11, 59: 1, 63: 5, 65: 1, 69: 2, 74: 1, 79: 5, 81: 1, 87: 1, 94: 1, 95: 3, 98: 3, 100: 1, 101: 1, 103: 1, 107: 2, 111: 2, 113: 8, 123: 1, 125: 5, 134: 1, 135: 1, 139: 2, 155: 1, 190: 6, 203: 3, 206: 1, 222: 2, 223: 1, 234: 1, 239: 1, 248: 1, 262: 1, 276: 1, 277: 1, 285: 3, 295: 1, 299: 1, 302: 1, 311: 1, 322: 6, 335: 2, 348: 2, 356: 1, 361: 5, 362: 2, 389: 5, 390: 1, 407: 1, 413: 1, 421: 4, 423: 1, 430: 1, 440: 1, 450: 1, 464: 1, 471: 1, 506: 1, 557: 3, 588: 6, 612: 2, 649: 2, 934: 1, 950: 1, 1005: 1, 1050: 1, 1204: 1, 1381: 1, 1434: 1, 1440: 1, 1454: 1, 1595: 6, 1902: 1, 1926: 3, 1945: 1, 1946: 2, 2030: 1, 2058: 1, 2208: 1, 2240: 1, 2246: 1, 2426: 1, 2466: 1, 2585: 1, 2737: 5, 2838: 1, 3107: 1, 3900: 1};Steel Pulse;We Can Do It;angry
14;{1: 10, 2: 10, 3: 5, 4: 12, 5: 7, 6: 11, 7: 2, 8: 4, 9: 5, 10: 5, 11: 7, 13: 5, 14: 2, 27: 5, 30: 1, 32: 7, 40: 1, 45: 3, 51: 2, 61: 5, 62: 5, 75: 4, 93: 5, 150: 2, 165: 1, 205: 8, 234: 5, 235: 5, 242: 2, 261: 3, 281: 2, 307: 4, 335: 3, 350: 1, 372: 5, 435: 2, 447: 1, 465: 2, 471: 1, 500: 5, 542: 2, 594: 5, 859: 5, 878: 2, 933: 2, 1188: 2, 1269: 1, 1322: 2, 2131: 4, 2506: 3, 3023: 5, 4224: 4, 4325: 4, 4981: 3};Aiden;Killing Machine;angry
15;{1: 4, 2: 7, 3: 4, 4: 6, 5: 3, 6: 5, 7: 3, 8: 2, 9: 1, 10: 1, 12: 4, 13: 1, 14: 3, 16: 4, 18: 2, 19: 1, 22: 1, 23: 4, 24: 4, 32: 1, 33: 1, 35: 4, 36: 2, 41: 1, 44: 3, 45: 1, 48: 3, 49: 1, 50: 3, 52: 1, 55: 1, 57: 3, 61: 3, 67: 1, 71: 1, 75: 1, 78: 1, 88: 1, 92: 3, 106: 1, 118: 3, 120: 4, 121: 1, 136: 3, 145: 4, 146: 1, 175: 8, 178: 1, 193: 1, 207: 1, 242: 3, 244: 3, 251: 1, 302: 3, 327: 1, 367: 3, 378: 1, 390: 1, 393: 1, 448: 1, 509: 1, 518: 1, 536: 1, 585: 1, 662: 3, 772: 3, 809: 1, 901: 1, 979: 3, 1004: 1, 1438: 1, 1618: 1, 1668: 2, 1939: 1, 1963: 1, 2069: 3, 2204: 1, 2362: 3, 2805: 1, 2900: 3, 2980: 1, 3202: 1, 3287: 1, 3327: 1, 3590: 1, 3612: 2, 4099: 1};Rancid;Black Lung (Album Version);sad
16;{2: 15, 3: 3, 4: 20, 5: 5, 6: 2, 8: 1, 9: 1, 10: 4, 12: 3, 13: 2, 15: 1, 16: 1, 17: 1, 18: 13, 19: 16, 22: 2, 26: 3, 27: 5, 30: 1, 32: 2, 35: 2, 43: 4, 48: 2, 51: 1, 52: 1, 57: 1, 75: 2, 79: 8, 81: 1, 87: 2, 91: 1, 103: 4, 125: 1, 126: 11, 137: 4, 143: 1, 164: 1, 176: 2, 182: 2, 215: 3, 219: 1, 230: 1, 249: 1, 271: 1, 277: 1, 293: 4, 300: 1, 370: 4, 376: 2, 381: 2, 415: 1, 432: 4, 504: 2, 521: 2, 524: 4, 564: 1, 636: 1, 689: 13, 704: 1, 1103: 4, 1133: 1, 1196: 4, 1308: 2, 1322: 1, 1473: 1, 1606: 1, 1886: 14, 1962: 2, 2090: 4, 2479: 1, 3212: 1, 3449: 1, 3797: 1};DeGarmo & Key;Destined To Win;happy
17;{1: 10, 2: 10, 3: 10, 4: 4, 5: 6, 10: 3, 11: 16, 12: 15, 13: 2, 14: 1, 15: 16, 16: 1, 18: 2, 20: 1, 21: 6, 22: 1, 23: 1, 25: 7, 27: 21, 28: 6, 29: 1, 32: 2, 34: 1, 35: 2, 37: 1, 40: 1, 43: 1, 44: 2, 45: 1, 46: 2, 51: 1, 52: 1, 54: 1, 56: 1, 62: 1, 63: 1, 65: 1, 68: 2, 73: 4, 82: 1, 83: 14, 91: 1, 108: 1, 118: 1, 120: 1, 124: 1, 133: 1, 134: 1, 166: 2, 172: 1, 187: 4, 206: 2, 223: 1, 255: 3, 285: 3, 349: 2, 376: 1, 393: 2, 394: 1, 402: 1, 434: 1, 450: 1, 469: 14, 642: 1, 670: 2, 683: 2, 732: 2, 751: 1, 753: 1, 776: 1, 778: 1, 803: 1, 808: 1, 845: 1, 1193: 1, 1241: 1, 1388: 1, 1397: 1, 1490: 1, 1522: 1, 3570: 1};Doyle Bramhall;That's How Strong My Love Is;happy
18;{1: 3, 2: 1, 3: 2, 4: 3, 5: 2, 6: 2, 7: 3, 8: 1, 10: 1, 11: 2, 12: 1, 14: 3, 15: 1, 22: 2, 23: 3, 24: 2, 26: 2, 30: 2, 31: 2, 32: 2, 33: 1, 40: 2, 51: 1, 58: 1, 67: 2, 78: 1, 93: 1, 95: 1, 106: 1, 109: 1, 132: 1, 139: 1, 162: 1, 180: 1, 299: 1, 335: 2, 341: 2, 398: 1, 432: 1, 445: 1, 537: 1, 838: 2, 991: 1, 1043: 2, 1156: 1, 1304: 1, 1312: 1, 1458: 1, 1513: 1, 1729: 1, 1926: 1, 2486: 1, 2889: 1};Evergreen Terrace;Look Up At The Stars And You're Gone;angry
19;{1: 9, 3: 2, 4: 3, 6: 4, 7: 18, 9: 4, 10: 2, 11: 6, 13: 1, 15: 8, 16: 2, 23: 1, 24: 4, 25: 1, 31: 1, 32: 1, 34: 1, 35: 1, 39: 1, 41: 4, 44: 8, 46: 1, 50: 8, 57: 6, 59: 3, 63: 16, 64: 1, 69: 2, 72: 1, 73: 3, 76: 1, 79: 1, 85: 1, 94: 4, 116: 2, 127: 1, 137: 1, 146: 2, 154: 13, 159: 8, 167: 1, 169: 1, 185: 1, 195: 1, 203: 1, 220: 1, 251: 1, 284: 1, 306: 1, 310: 8, 369: 1, 379: 1, 422: 1, 509: 1, 631: 1, 789: 1, 872: 1, 1326: 3, 1533: 4, 2249: 12, 2521: 1, 3044: 1, 3618: 1};Asleep At The Wheel;Let Me Go Home Whiskey;relaxed
20;{1: 22, 2: 15, 3: 35, 4: 3, 5: 4, 6: 2, 7: 34, 8: 14, 9: 1, 10: 15, 11: 3, 12: 7, 14: 1, 15: 1, 16: 1, 17: 2, 19: 2, 21: 13, 22: 15, 24: 2, 25: 4, 26: 14, 27: 50, 28: 14, 31: 1, 32: 4, 34: 2, 35: 1, 36: 1, 37: 2, 39: 2, 40: 2, 41: 2, 48: 2, 51: 2, 52: 3, 55: 1, 58: 1, 63: 14, 69: 5, 71: 1, 73: 28, 74: 1, 76: 3, 79: 1, 85: 1, 86: 3, 89: 2, 94: 14, 109: 2, 125: 1, 127: 2, 131: 2, 134: 1, 135: 14, 141: 1, 160: 1, 168: 2, 169: 2, 186: 1, 203: 1, 210: 1, 213: 21, 227: 2, 239: 1, 241: 1, 251: 1, 376: 1, 589: 1, 624: 2, 732: 1, 875: 1, 2771: 1, 4641: 2};Usher;I'll Show You Love;happy
21;{1: 20, 2: 12, 3: 8, 4: 1, 5: 1, 6: 4, 7: 2, 9: 5, 10: 7, 11: 8, 12: 6, 13: 1, 14: 1, 15: 5, 16: 11, 20: 1, 23: 2, 25: 2, 27: 2, 29: 6, 31: 2, 33: 6, 34: 1, 35: 1, 39: 1, 44: 2, 55: 1, 59: 4, 62: 4, 66: 4, 75: 1, 88: 1, 89: 2, 92: 2, 93: 4, 96: 1, 106: 1, 121: 5, 130: 8, 131: 1, 137: 1, 147: 3, 164: 1, 166: 1, 186: 1, 206: 4, 224: 4, 227: 1, 245: 3, 303: 1, 323: 4, 434: 1, 529: 1, 534: 1, 619: 1, 647: 1, 735: 1, 820: 1, 877: 1, 1012: 1, 1068: 1, 1214: 1, 1225: 1, 1350: 1, 1478: 1, 1913: 1, 1959: 1, 2496: 1, 2683: 1};Teenage Fanclub;The Sun Shines From You;relaxed
22;{1: 1, 2: 18, 4: 13, 5: 10, 6: 2, 9: 3, 10: 4, 13: 4, 14: 1, 15: 1, 18: 7, 19: 22, 21: 11, 22: 1, 23: 4, 24: 1, 25: 3, 26: 3, 32: 3, 36: 1, 37: 2, 40: 1, 43: 1, 55: 1, 58: 1, 67: 1, 69: 3, 79: 3, 81: 1, 85: 1, 87: 12, 95: 1, 97: 4, 105: 1, 107: 1, 122: 3, 125: 1, 132: 1, 143: 1, 145: 1, 150: 3, 154: 1, 161: 1, 164: 3, 167: 1, 171: 3, 176: 1, 190: 3, 199: 1, 204: 1, 205: 1, 213: 1, 242: 1, 257: 1, 266: 1, 276: 4, 278: 1, 281: 4, 300: 3, 305: 5, 324: 1, 329: 1, 333: 1, 334: 1, 337: 4, 344: 3, 352: 1, 361: 1, 368: 3, 395: 1, 432: 1, 450: 1, 452: 1, 460: 1, 469: 3, 474: 2, 571: 3, 585: 1, 651: 3, 661: 3, 725: 1, 748: 1, 949: 1, 981: 1, 1020: 3, 1043: 1, 1103: 3, 1156: 1, 1169: 1, 1224: 1, 1256: 1, 1301: 3, 1317: 1, 1322: 1, 1370: 1, 1433: 1, 1693: 1, 1741: 2, 1786: 1, 1965: 1, 2146: 1, 2194: 1, 2257: 1, 2403: 1, 3039: 1, 3087: 1, 3089: 3, 3658: 3, 4013: 1, 4843: 1};Ensiferum;Into Battle;angry
23;{2: 10, 3: 1, 4: 10, 5: 6, 7: 8, 8: 1, 9: 1, 12: 2, 14: 3, 22: 6, 24: 4, 26: 3, 29: 2, 30: 6, 34: 1, 36: 1, 48: 6, 56: 2, 60: 1, 62: 1, 63: 11, 64: 9, 84: 2, 94: 6, 99: 1, 111: 6, 121: 3, 149: 1, 155: 1, 182: 1, 259: 1, 310: 10, 333: 1, 379: 1, 690: 4, 753: 2, 760: 2, 811: 1, 1141: 3};Silverchair;The Door;sad
24;{6: 1, 24: 4, 38: 2, 42: 1, 77: 6, 90: 4, 102: 11, 104: 19, 114: 6, 158: 26, 174: 6, 236: 14, 246: 1, 263: 1, 272: 6, 317: 4, 321: 2, 381: 2, 526: 2, 533: 2, 558: 2, 737: 2, 781: 2, 801: 2, 862: 4, 913: 4, 928: 4, 932: 2, 1000: 2, 1029: 2, 1219: 2, 1238: 2, 1429: 2, 1437: 4, 1484: 2, 1876: 1, 2028: 2, 2235: 1, 2421: 1, 2440: 2, 2827: 2, 3289: 1, 3294: 2, 3351: 2, 3753: 1, 4067: 2, 4301: 1, 4631: 2};Jose Luis Perales;El Amor;sad
25;{1: 11, 2: 4, 4: 7, 5: 9, 6: 5, 7: 2, 8: 1, 9: 1, 10: 3, 12: 7, 13: 11, 14: 1, 16: 1, 20: 2, 21: 1, 28: 2, 30: 12, 31: 2, 32: 3, 34: 2, 39: 1, 44: 1, 46: 6, 55: 1, 56: 1, 57: 2, 58: 1, 60: 5, 68: 1, 82: 2, 83: 1, 86: 4, 92: 1, 97: 2, 100: 1, 101: 1, 103: 2, 115: 2, 120: 1, 122: 1, 135: 2, 137: 2, 138: 1, 145: 1, 146: 1, 154: 1, 159: 1, 160: 1, 165: 1, 176: 4, 186: 1, 192: 1, 195: 2, 201: 1, 206: 1, 235: 6, 290: 1, 340: 1, 342: 2, 355: 1, 358: 2, 366: 1, 381: 5, 394: 1, 413: 5, 460: 5, 488: 2, 510: 2, 512: 2, 561: 5, 564: 5, 566: 2, 617: 2, 626: 1, 668: 1, 699: 2, 728: 3, 784: 1, 808: 2, 926: 2, 942: 1, 959: 2, 1004: 1, 1144: 2, 1145: 3, 1575: 2, 1825: 5, 3646: 2, 4574: 1};Patty Griffin;Moses;sad
26;{1: 3, 2: 12, 3: 8, 4: 6, 5: 1, 6: 10, 8: 1, 10: 8, 11: 3, 13: 3, 15: 1, 16: 1, 17: 4, 18: 1, 19: 1, 23: 21, 24: 1, 27: 6, 31: 3, 32: 3, 35: 3, 36: 3, 40: 1, 45: 1, 48: 1, 52: 2, 53: 1, 55: 1, 58: 2, 65: 1, 67: 1, 72: 1, 80: 3, 81: 1, 88: 1, 94: 1, 136: 18, 137: 1, 156: 1, 162: 21, 170: 1, 180: 1, 185: 1, 202: 1, 203: 2, 207: 1, 219: 1, 225: 1, 237: 1, 239: 1, 244: 1, 269: 3, 284: 1, 290: 1, 300: 1, 316: 1, 360: 1, 367: 1, 371: 1, 396: 1, 418: 3, 500: 1, 564: 1, 572: 1, 589: 3, 617: 1, 639: 1, 698: 1, 701: 1, 723: 1, 783: 2, 786: 1, 854: 1, 963: 1, 997: 1, 1007: 1, 1051: 3, 1055: 1, 1117: 1, 1151: 1, 1163: 1, 1182: 1, 1186: 1, 1428: 1, 1501: 1, 1548: 3, 1564: 1, 1686: 3, 2311: 1, 2690: 1, 2770: 1, 3007: 1, 3066: 2, 3147: 1, 3226: 1, 3823: 1, 4275: 1};L.A. Guns;Some Lie For Love;angry
27;{1: 2, 2: 3, 3: 19, 4: 7, 5: 2, 6: 13, 7: 1, 8: 18, 9: 5, 10: 2, 11: 1, 12: 7, 14: 10, 15: 4, 16: 3, 17: 3, 18: 4, 21: 4, 22: 2, 23: 1, 26: 1, 28: 2, 29: 2, 32: 5, 35: 2, 36: 1, 37: 1, 45: 1, 49: 4, 50: 3, 51: 2, 52: 4, 57: 1, 63: 2, 67: 1, 75: 1, 78: 1, 83: 1, 86: 4, 89: 1, 93: 12, 98: 1, 100: 1, 109: 2, 134: 1, 135: 2, 139: 3, 140: 1, 146: 3, 147: 2, 161: 2, 168: 4, 176: 2, 187: 1, 193: 4, 205: 3, 207: 1, 213: 3, 223: 6, 234: 3, 239: 2, 241: 5, 276: 2, 282: 1, 283: 6, 300: 1, 338: 1, 368: 1, 378: 1, 415: 1, 421: 27, 488: 4, 497: 1, 542: 1, 624: 2, 625: 1, 658: 27, 677: 24, 970: 1, 989: 1, 1036: 1, 1061: 1, 1104: 2, 1125: 1, 1127: 1, 1159: 1, 1430: 2, 1431: 1, 1526: 2, 1606: 1, 1635: 4, 1686: 2, 1851: 1, 1901: 1, 2871: 1, 2980: 1, 2986: 1, 4131: 2, 4244: 3, 4564: 1, 4934: 1};Juliette & The Licks;Shelter Your Needs;angry
28;{1: 11, 2: 18, 3: 5, 4: 1, 5: 4, 6: 3, 7: 1, 8: 1, 9: 1, 12: 6, 19: 4, 21: 1, 25: 4, 28: 5, 30: 4, 35: 3, 37: 2, 44: 1, 49: 1, 51: 2, 61: 2, 64: 3, 65: 2, 66: 2, 67: 1, 69: 1, 70: 1, 74: 10, 75: 1, 83: 1, 84: 1, 87: 4, 88: 4, 91: 1, 94: 1, 107: 4, 116: 2, 131: 3, 132: 2, 139: 3, 162: 1, 169: 1, 205: 12, 217: 1, 269: 12, 271: 2, 280: 1, 289: 3, 303: 1, 318: 1, 323: 1, 363: 3, 390: 12, 403: 1, 453: 1, 582: 12, 924: 2, 1543: 1, 1931: 1, 2454: 1, 4374: 2, 4423: 1};AFI;Summer Shudder;sad
29;{1: 15, 2: 1, 4: 1, 7: 1, 8: 6, 9: 1, 10: 1, 11: 2, 12: 4, 13: 1, 15: 1, 16: 9, 21: 1, 22: 1, 23: 1, 27: 8, 28: 1, 29: 1, 31: 1, 34: 2, 35: 1, 40: 1, 43: 1, 46: 1, 53: 2, 56: 2, 64: 8, 66: 1, 70: 1, 80: 12, 81: 1, 84: 1, 110: 1, 136: 1, 141: 1, 142: 2, 145: 3, 155: 1, 165: 1, 169: 8, 172: 2, 202: 1, 217: 1, 235: 1, 291: 1, 311: 1, 356: 1, 372: 1, 396: 1, 445: 1, 453: 1, 491: 4, 677: 1, 859: 1, 927: 1, 1074: 1, 1212: 1, 1409: 1, 1542: 1, 2135: 1, 4429: 1};Knack;Everything I Do;angry
30;{1: 2, 2: 15, 3: 6, 4: 6, 5: 4, 6: 3, 8: 2, 9: 2, 10: 1, 12: 2, 13: 3, 15: 2, 16: 1, 18: 1, 21: 3, 22: 6, 26: 2, 31: 3, 39: 4, 43: 3, 56: 2, 69: 3, 105: 2, 109: 2, 116: 2, 125: 2, 132: 1, 280: 1, 284: 2, 291: 2, 301: 1, 313: 2, 318: 1, 322: 2, 353: 1, 368: 2, 420: 1, 453: 1, 548: 1, 554: 2, 569: 2, 609: 1, 687: 2, 1563: 1, 2106: 1, 2301: 2, 2488: 1, 3779: 1, 3806: 1};Placebo;The Never-Ending Why;sad
31;{1: 19, 2: 7, 3: 17, 4: 5, 5: 12, 6: 2, 7: 7, 8: 4, 11: 2, 12: 1, 13: 3, 14: 1, 16: 2, 18: 6, 19: 3, 21: 6, 22: 4, 26: 7, 28: 2, 30: 1, 31: 2, 33: 2, 34: 2, 35: 1, 36: 9, 39: 4, 40: 1, 48: 4, 50: 1, 51: 2, 52: 5, 55: 3, 57: 2, 59: 5, 61: 3, 63: 4, 69: 2, 74: 5, 88: 1, 95: 1, 105: 3, 110: 1, 122: 1, 134: 1, 139: 5, 141: 1, 154: 3, 165: 1, 173: 2, 187: 1, 194: 2, 196: 1, 220: 4, 235: 1, 237: 4, 271: 1, 274: 1, 275: 1, 292: 2, 295: 1, 304: 2, 306: 2, 347: 2, 356: 1, 368: 4, 393: 1, 426: 3, 465: 1, 467: 2, 470: 2, 477: 1, 484: 1, 522: 1, 563: 1, 584: 1, 610: 3, 631: 1, 633: 1, 693: 1, 747: 1, 748: 2, 777: 1, 810: 1, 872: 2, 877: 1, 947: 1, 1097: 1, 1123: 2, 1324: 4, 1508: 1, 1750: 4, 1755: 1, 2320: 1, 2432: 1, 2507: 1, 2905: 1, 2931: 1, 3715: 2};Atreyu;Ex's And Oh's (Instrumental Version);sad
32;{2: 9, 3: 5, 4: 3, 5: 2, 6: 5, 9: 5, 10: 1, 12: 3, 13: 3, 14: 2, 16: 1, 21: 3, 23: 1, 24: 1, 31: 1, 33: 1, 34: 1, 36: 3, 37: 1, 39: 1, 40: 1, 50: 2, 55: 3, 60: 12, 62: 1, 69: 2, 70: 1, 74: 1, 81: 2, 88: 1, 95: 5, 105: 1, 115: 1, 123: 1, 124: 1, 126: 1, 129: 3, 132: 1, 138: 2, 139: 1, 141: 1, 150: 1, 152: 1, 153: 1, 192: 2, 201: 2, 202: 3, 237: 1, 250: 1, 275: 2, 281: 1, 328: 1, 334: 1, 434: 1, 437: 5, 513: 1, 518: 2, 521: 3, 522: 2, 528: 1, 544: 1, 688: 1, 701: 2, 720: 3, 755: 1, 1496: 2, 1835: 2, 1947: 1, 1964: 1, 2206: 1, 2320: 1, 2366: 2, 2541: 1, 3640: 1, 4613: 1};Kris Kristofferson;Killer Barracuda;angry
33;{1: 1, 2: 4, 4: 2, 5: 4, 6: 2, 7: 3, 8: 1, 10: 2, 11: 2, 13: 4, 14: 2, 15: 1, 18: 1, 21: 1, 22: 2, 24: 1, 25: 1, 29: 1, 30: 1, 34: 1, 36: 1, 48: 4, 49: 1, 69: 1, 74: 1, 81: 2, 82: 1, 85: 1, 91: 1, 94: 1, 107: 1, 119: 1, 124: 2, 140: 1, 147: 1, 166: 1, 168: 1, 180: 1, 185: 1, 212: 1, 255: 2, 274: 1, 279: 1, 325: 2, 352: 1, 424: 1, 468: 1, 501: 1, 517: 1, 686: 1, 736: 1, 774: 2, 782: 1, 803: 1, 882: 1, 1281: 2, 1409: 1, 2293: 1};Mink DeVille;Heaven Stood Still;relaxed
34;{1: 16, 2: 22, 3: 18, 4: 18, 5: 4, 6: 18, 7: 2, 8: 10, 9: 3, 14: 1, 15: 6, 16: 4, 18: 1, 19: 11, 21: 3, 22: 4, 25: 2, 26: 23, 29: 1, 31: 1, 33: 1, 37: 2, 40: 4, 54: 2, 56: 2, 59: 2, 62: 18, 67: 2, 86: 2, 87: 1, 89: 1, 92: 2, 94: 4, 107: 4, 109: 2, 116: 1, 127: 4, 141: 2, 160: 2, 168: 2, 231: 1, 281: 13, 307: 3, 313: 1, 601: 33, 790: 1, 812: 2, 852: 1};Andrew W.K.;Long Live The Party;happy
35;{1: 1, 2: 20, 4: 3, 5: 1, 6: 11, 8: 1, 10: 14, 11: 1, 13: 4, 17: 1, 19: 7, 21: 3, 23: 3, 24: 5, 25: 6, 31: 2, 43: 3, 46: 5, 48: 5, 49: 3, 50: 1, 51: 1, 54: 2, 55: 1, 60: 1, 65: 1, 66: 1, 68: 3, 69: 1, 72: 1, 76: 2, 78: 1, 79: 1, 84: 1, 85: 1, 87: 2, 93: 4, 94: 2, 105: 1, 111: 1, 113: 1, 127: 1, 141: 1, 144: 2, 148: 5, 154: 1, 155: 1, 157: 1, 161: 1, 194: 1, 200: 5, 232: 2, 244: 3, 257: 1, 276: 2, 278: 1, 291: 1, 293: 3, 318: 1, 336: 1, 339: 1, 361: 8, 389: 1, 390: 1, 410: 2, 438: 1, 472: 1, 488: 1, 508: 1, 680: 14, 735: 1, 798: 1, 859: 3, 877: 1, 900: 1, 945: 4, 1071: 1, 1136: 1, 1192: 1, 1208: 1, 1283: 1, 1479: 1, 1986: 1, 2498: 1, 2839: 3, 2870: 1, 3057: 1, 3498: 1, 3911: 1};April Wine;Caught In The Crossfire;angry
36;{3: 1, 4: 3, 8: 1, 10: 4, 13: 4, 14: 7, 18: 1, 19: 2, 61: 1, 75: 1, 91: 2, 132: 1, 161: 1, 235: 2, 255: 1, 297: 1, 334: 1, 417: 1, 620: 1, 733: 1, 773: 2, 811: 1, 817: 1, 941: 1, 947: 2, 987: 1, 1149: 1, 1212: 1, 1654: 1, 1732: 1, 1800: 2, 1910: 1, 2134: 1, 2168: 1, 2367: 1, 2431: 2, 2791: 1};Amorphis;Privilege of Evil (From the Privilege of Evil EP);angry
37;{2: 18, 3: 4, 4: 10, 5: 9, 8: 1, 13: 3, 14: 2, 17: 4, 18: 8, 19: 6, 21: 1, 22: 1, 23: 4, 25: 2, 32: 1, 33: 2, 37: 1, 41: 1, 44: 1, 48: 3, 52: 3, 56: 1, 63: 1, 67: 2, 69: 3, 80: 1, 82: 1, 87: 2, 93: 1, 95: 1, 105: 3, 113: 3, 115: 1, 139: 1, 148: 1, 153: 1, 157: 2, 190: 1, 196: 1, 199: 1, 240: 1, 244: 1, 255: 1, 263: 1, 276: 1, 319: 1, 329: 1, 330: 1, 423: 1, 471: 1, 513: 1, 535: 1, 677: 3, 714: 1, 802: 1, 892: 1, 1049: 1, 1070: 1, 1100: 1, 1111: 1, 1222: 2, 1268: 1, 1269: 4, 1317: 1, 1318: 1, 1386: 12, 1395: 1, 1440: 1, 1518: 1, 1529: 1, 1543: 1, 1933: 1, 1965: 1, 2184: 1, 2252: 1, 2287: 1, 2383: 1, 2545: 3, 2607: 1, 2654: 1, 3322: 1, 3460: 1, 3762: 1, 4267: 1, 4936: 1};Metallica;Metal Militia;sad
38;{2: 18, 3: 4, 4: 10, 5: 9, 8: 1, 13: 3, 14: 2, 17: 4, 18: 8, 19: 6, 21: 1, 22: 1, 23: 4, 25: 2, 32: 1, 33: 2, 37: 1, 41: 1, 44: 1, 48: 3, 52: 3, 56: 1, 63: 1, 67: 2, 69: 3, 80: 1, 82: 1, 87: 2, 93: 1, 95: 1, 105: 3, 113: 3, 115: 1, 139: 1, 148: 1, 153: 1, 157: 2, 190: 1, 196: 1, 199: 1, 240: 1, 244: 1, 255: 1, 263: 1, 276: 1, 319: 1, 329: 1, 330: 1, 423: 1, 471: 1, 513: 1, 535: 1, 677: 3, 714: 1, 802: 1, 892: 1, 1049: 1, 1070: 1, 1100: 1, 1111: 1, 1222: 2, 1268: 1, 1269: 4, 1317: 1, 1318: 1, 1386: 12, 1395: 1, 1440: 1, 1518: 1, 1529: 1, 1543: 1, 1933: 1, 1965: 1, 2184: 1, 2252: 1, 2287: 1, 2383: 1, 2545: 3, 2607: 1, 2654: 1, 3322: 1, 3460: 1, 3762: 1, 4267: 1, 4936: 1};Metallica;Metal Militia;sad
39;{2: 18, 3: 4, 4: 10, 5: 9, 8: 1, 13: 3, 14: 2, 17: 4, 18: 8, 19: 6, 21: 1, 22: 1, 23: 4, 25: 2, 32: 1, 33: 2, 37: 1, 41: 1, 44: 1, 48: 3, 52: 3, 56: 1, 63: 1, 67: 2, 69: 3, 80: 1, 82: 1, 87: 2, 93: 1, 95: 1, 105: 3, 113: 3, 115: 1, 139: 1, 148: 1, 153: 1, 157: 2, 190: 1, 196: 1, 199: 1, 240: 1, 244: 1, 255: 1, 263: 1, 276: 1, 319: 1, 329: 1, 330: 1, 423: 1, 471: 1, 513: 1, 535: 1, 677: 3, 714: 1, 802: 1, 892: 1, 1049: 1, 1070: 1, 1100: 1, 1111: 1, 1222: 2, 1268: 1, 1269: 4, 1317: 1, 1318: 1, 1386: 12, 1395: 1, 1440: 1, 1518: 1, 1529: 1, 1543: 1, 1933: 1, 1965: 1, 2184: 1, 2252: 1, 2287: 1, 2383: 1, 2545: 3, 2607: 1, 2654: 1, 3322: 1, 3460: 1, 3762: 1, 4267: 1, 4936: 1};Metallica;Metal Militia;sad
40;{1: 12, 2: 7, 3: 10, 4: 2, 5: 2, 6: 2, 8: 1, 10: 5, 11: 2, 14: 3, 17: 3, 21: 1, 22: 5, 27: 1, 28: 1, 32: 1, 33: 1, 34: 1, 36: 1, 37: 3, 45: 1, 50: 1, 51: 2, 52: 1, 62: 2, 63: 1, 67: 1, 71: 5, 73: 2, 98: 2, 107: 1, 132: 1, 133: 8, 136: 1, 141: 1, 146: 1, 163: 1, 213: 1, 217: 1, 231: 1, 250: 1, 261: 2, 344: 2, 360: 1, 369: 1, 395: 1, 409: 1, 433: 1, 444: 3, 455: 1, 486: 1, 535: 1, 692: 7, 727: 3, 797: 1, 874: 1, 927: 1, 1470: 1, 1525: 1, 2465: 1, 3094: 22, 4210: 1};GWAR;Slap U Around;angry
41;{1: 19, 2: 4, 3: 4, 4: 7, 5: 2, 6: 7, 7: 4, 8: 5, 9: 12, 10: 2, 11: 4, 12: 3, 13: 2, 14: 4, 15: 6, 16: 4, 17: 2, 20: 4, 21: 1, 23: 1, 25: 2, 26: 1, 30: 1, 32: 1, 34: 1, 41: 1, 43: 2, 48: 1, 57: 1, 58: 1, 68: 1, 69: 1, 70: 5, 71: 1, 75: 4, 78: 1, 84: 9, 85: 1, 92: 3, 107: 3, 152: 1, 163: 1, 168: 1, 173: 3, 180: 1, 194: 1, 197: 1, 199: 1, 212: 1, 222: 2, 230: 1, 232: 4, 233: 1, 271: 1, 279: 1, 283: 1, 320: 3, 410: 1, 443: 1, 468: 1, 512: 1, 517: 1, 536: 1, 571: 4, 609: 1, 797: 5, 863: 1, 910: 1, 1116: 1, 1136: 3, 1267: 1, 1342: 1, 1950: 1, 2518: 1};Sugarbomb;Posterchild for Tragedy;angry
42;{1: 2, 2: 4, 3: 4, 5: 6, 6: 2, 7: 6, 8: 22, 10: 2, 11: 4, 12: 8, 30: 4, 41: 2, 46: 14, 49: 6, 59: 4, 61: 2, 119: 2, 137: 12, 156: 2, 180: 2, 203: 2, 234: 4, 252: 4, 280: 2, 334: 2, 350: 2, 522: 4, 584: 6, 613: 4, 641: 2, 1107: 6, 1260: 2, 1803: 2, 2166: 2, 2911: 4};The Misfits;The Haunting;sad
43;{1: 21, 2: 11, 3: 2, 4: 10, 5: 4, 6: 11, 7: 7, 8: 14, 9: 2, 10: 3, 11: 3, 12: 15, 14: 1, 18: 3, 19: 10, 20: 3, 21: 11, 25: 7, 26: 3, 31: 1, 33: 3, 36: 3, 40: 3, 56: 4, 57: 6, 61: 10, 68: 4, 70: 2, 72: 3, 95: 4, 134: 7, 147: 4, 154: 3, 170: 2, 175: 3, 206: 9, 240: 3, 247: 6, 250: 3, 304: 2, 318: 3, 319: 4, 337: 11, 348: 7, 356: 3, 370: 4, 380: 3, 406: 4, 423: 3, 450: 2, 508: 3, 692: 1, 742: 1, 980: 15, 1036: 3, 1175: 4, 1228: 1, 1397: 16, 1740: 3, 1756: 1, 3010: 1, 4739: 2};Bob Marley & The Wailers;Rainbow Country (Red Gold And Green Version);relaxed
44;{1: 10, 2: 1, 3: 13, 5: 3, 6: 1, 7: 15, 8: 1, 9: 7, 10: 1, 11: 14, 12: 1, 16: 8, 18: 2, 19: 3, 21: 7, 22: 1, 27: 2, 28: 1, 29: 2, 31: 1, 37: 12, 43: 1, 46: 2, 48: 1, 52: 1, 55: 1, 57: 6, 62: 2, 64: 1, 73: 7, 76: 8, 89: 2, 92: 1, 94: 1, 98: 11, 100: 2, 101: 2, 108: 2, 121: 2, 129: 6, 130: 1, 137: 1, 141: 2, 153: 5, 169: 2, 188: 2, 229: 8, 319: 1, 362: 2, 366: 2, 421: 1, 447: 1, 453: 1, 499: 1, 593: 1, 670: 1, 730: 1, 1131: 2};Junior Kimbrough;Meet Me in the City;relaxed
45;{1: 14, 3: 3, 5: 9, 9: 1, 10: 4, 11: 5, 12: 1, 13: 2, 15: 2, 18: 3, 21: 5, 22: 4, 23: 3, 24: 1, 26: 3, 27: 4, 29: 4, 31: 1, 32: 2, 35: 1, 40: 1, 43: 2, 48: 1, 58: 2, 69: 1, 75: 5, 92: 2, 94: 2, 101: 3, 107: 1, 124: 1, 135: 2, 136: 6, 155: 1, 161: 3, 166: 1, 176: 2, 178: 1, 182: 2, 186: 2, 188: 1, 192: 3, 193: 1, 195: 2, 200: 1, 203: 2, 215: 2, 259: 1, 266: 1, 275: 1, 277: 1, 306: 3, 439: 3, 468: 1, 483: 1, 495: 2, 501: 2, 780: 1, 1853: 1, 1959: 2, 2251: 2, 2502: 1};Boyz II Men;In My Life;happy
46;{2: 6, 3: 3, 4: 2, 5: 3, 6: 1, 7: 4, 9: 2, 11: 1, 13: 3, 14: 5, 15: 1, 16: 1, 22: 1, 23: 1, 26: 1, 33: 2, 35: 1, 49: 2, 56: 1, 57: 2, 65: 1, 73: 1, 91: 1, 99: 2, 105: 1, 110: 1, 136: 1, 161: 2, 162: 1, 222: 2, 224: 1, 282: 1, 295: 1, 330: 1, 371: 1, 390: 1, 451: 1, 515: 1, 516: 1, 522: 3, 534: 1, 537: 1, 594: 1, 622: 1, 668: 1, 684: 1, 784: 1, 809: 1, 863: 1, 1096: 1, 1257: 1, 1414: 1, 1824: 1, 1977: 1, 2409: 1, 2495: 1, 2549: 1, 2728: 1, 3897: 1, 4138: 1, 4284: 1, 4662: 1};Roger Clyne & The Peacemakers;Mile High and Risin';sad
47;{1: 17, 2: 14, 3: 23, 4: 4, 5: 16, 7: 10, 8: 3, 9: 1, 10: 2, 12: 1, 13: 2, 14: 2, 15: 4, 16: 1, 17: 2, 19: 1, 20: 1, 21: 8, 23: 1, 25: 3, 26: 2, 28: 1, 29: 4, 31: 3, 32: 5, 33: 1, 36: 2, 41: 5, 43: 5, 54: 4, 58: 1, 62: 2, 68: 2, 74: 2, 78: 2, 79: 1, 84: 4, 85: 2, 98: 2, 108: 3, 110: 1, 111: 18, 118: 2, 119: 4, 124: 2, 126: 2, 142: 2, 145: 2, 152: 3, 156: 2, 160: 1, 167: 2, 168: 2, 175: 2, 195: 1, 233: 3, 242: 2, 256: 3, 266: 1, 319: 1, 367: 1, 380: 2, 396: 4, 402: 2, 438: 2, 454: 1, 483: 2, 501: 1, 520: 1, 540: 2, 619: 2, 882: 2, 925: 2, 1145: 1, 1152: 1, 1215: 1, 1342: 2, 2173: 2};Nana Mouskouri;Only You;happy
48;{1: 7, 2: 5, 3: 20, 4: 3, 5: 2, 6: 4, 7: 20, 8: 2, 9: 2, 11: 5, 12: 1, 14: 2, 15: 2, 16: 2, 17: 7, 18: 1, 19: 1, 20: 2, 22: 1, 23: 2, 25: 1, 26: 8, 27: 4, 28: 5, 34: 1, 36: 1, 39: 1, 40: 1, 41: 2, 45: 2, 46: 2, 48: 1, 54: 1, 56: 2, 57: 3, 58: 3, 61: 10, 63: 4, 64: 1, 68: 4, 70: 1, 71: 1, 73: 1, 76: 2, 78: 1, 81: 2, 83: 2, 85: 3, 92: 1, 96: 1, 98: 3, 99: 1, 103: 1, 105: 2, 111: 2, 113: 1, 130: 2, 134: 2, 139: 2, 140: 1, 144: 1, 148: 1, 152: 3, 163: 1, 166: 2, 173: 1, 199: 1, 216: 1, 217: 1, 221: 3, 238: 1, 250: 2, 256: 1, 324: 1, 326: 2, 327: 1, 344: 3, 382: 1, 426: 1, 433: 1, 466: 3, 469: 3, 520: 1, 815: 1, 927: 3, 967: 1, 1068: 1, 1163: 1, 1313: 12, 2117: 1, 3698: 1, 4818: 1};Simply Red;Thrill Me;happy
49;{1: 9, 2: 2, 3: 7, 4: 3, 5: 7, 6: 6, 7: 5, 8: 3, 9: 2, 10: 1, 11: 6, 12: 2, 13: 1, 15: 1, 16: 1, 17: 3, 19: 1, 20: 3, 25: 3, 26: 1, 29: 1, 31: 1, 32: 1, 34: 1, 46: 2, 53: 4, 54: 1, 56: 3, 59: 1, 65: 3, 66: 1, 67: 3, 68: 1, 73: 4, 75: 1, 80: 4, 88: 1, 95: 3, 100: 1, 115: 1, 116: 1, 120: 2, 124: 3, 127: 6, 130: 3, 137: 1, 141: 1, 144: 2, 150: 1, 154: 2, 193: 3, 210: 1, 219: 1, 221: 1, 242: 1, 250: 2, 291: 1, 304: 1, 320: 1, 339: 1, 340: 1, 347: 1, 356: 1, 363: 1, 373: 1, 447: 1, 461: 1, 501: 3, 519: 1, 575: 1, 618: 1, 893: 1, 969: 1, 1225: 3, 1280: 1, 2021: 1, 2213: 1, 2766: 1, 3508: 1};Alice Cooper;Be My Lover;relaxed
50;{1: 9, 2: 2, 3: 7, 4: 3, 5: 7, 6: 6, 7: 5, 8: 3, 9: 2, 10: 1, 11: 6, 12: 2, 13: 1, 15: 1, 16: 1, 17: 3, 19: 1, 20: 3, 25: 3, 26: 1, 29: 1, 31: 1, 32: 1, 34: 1, 46: 2, 53: 4, 54: 1, 56: 3, 59: 1, 65: 3, 66: 1, 67: 3, 68: 1, 73: 4, 75: 1, 80: 4, 88: 1, 95: 3, 100: 1, 115: 1, 116: 1, 120: 2, 124: 3, 127: 6, 130: 3, 137: 1, 141: 1, 144: 2, 150: 1, 154: 2, 193: 3, 210: 1, 219: 1, 221: 1, 242: 1, 250: 2, 291: 1, 304: 1, 320: 1, 339: 1, 340: 1, 347: 1, 356: 1, 363: 1, 373: 1, 447: 1, 461: 1, 501: 3, 519: 1, 575: 1, 618: 1, 893: 1, 969: 1, 1225: 3, 1280: 1, 2021: 1, 2213: 1, 2766: 1, 3508: 1};Alice Cooper;Be My Lover;relaxed
51;{1: 1, 2: 3, 4: 1, 5: 4, 6: 1, 9: 4, 13: 1, 15: 1, 16: 1, 17: 4, 18: 4, 21: 2, 22: 1, 24: 1, 26: 2, 28: 2, 31: 3, 32: 1, 39: 1, 43: 2, 49: 8, 52: 2, 53: 2, 57: 1, 58: 1, 60: 2, 72: 2, 79: 1, 80: 1, 81: 1, 115: 1, 123: 1, 126: 1, 130: 1, 139: 1, 154: 1, 156: 1, 161: 1, 162: 1, 173: 8, 184: 1, 201: 1, 234: 2, 268: 1, 276: 1, 292: 1, 300: 2, 319: 12, 324: 1, 332: 1, 367: 2, 377: 1, 395: 1, 486: 2, 576: 1, 583: 1, 635: 1, 697: 1, 759: 1, 762: 1, 930: 1, 981: 1, 1336: 1, 1464: 1, 1998: 1, 3900: 1};George Jones;Together Alone;sad
52;{1: 17, 3: 1, 4: 1, 5: 1, 6: 2, 7: 3, 9: 12, 10: 1, 11: 3, 12: 1, 13: 1, 16: 8, 17: 1, 20: 13, 23: 2, 28: 3, 63: 1, 70: 4, 79: 1, 138: 2, 140: 1, 229: 1, 283: 16, 322: 1, 340: 1, 624: 1, 672: 2, 753: 1, 1024: 2, 1634: 1, 2554: 1, 2695: 3, 2798: 9, 3164: 1, 3459: 1, 4315: 1};Lifer;Breathless;sad
53;{1: 1, 2: 9, 3: 6, 4: 5, 5: 2, 6: 2, 7: 3, 8: 3, 9: 5, 10: 1, 11: 2, 12: 4, 13: 3, 14: 1, 15: 2, 16: 3, 21: 1, 22: 1, 25: 1, 27: 2, 28: 1, 29: 1, 55: 1, 56: 1, 57: 1, 58: 1, 62: 1, 67: 1, 70: 1, 79: 1, 81: 1, 87: 1, 108: 2, 110: 2, 120: 1, 133: 1, 140: 2, 143: 1, 153: 1, 164: 1, 165: 1, 180: 1, 199: 1, 204: 1, 212: 2, 227: 1, 267: 2, 270: 1, 308: 1, 334: 3, 356: 1, 404: 2, 535: 1, 564: 1, 666: 1, 728: 1, 847: 1, 877: 1, 929: 1, 930: 1, 1097: 1, 1111: 1, 1136: 1, 1443: 2, 1634: 1, 2054: 1, 2094: 1, 2191: 1, 2352: 1, 2723: 1, 3305: 1, 4208: 1};Zeromancer;The Death Of Romance;sad
54;{2: 18, 3: 4, 4: 4, 5: 2, 8: 1, 9: 3, 10: 1, 12: 2, 15: 3, 16: 3, 18: 3, 19: 7, 22: 15, 33: 3, 37: 2, 41: 1, 45: 9, 50: 4, 51: 1, 52: 4, 55: 3, 58: 1, 60: 5, 63: 1, 67: 2, 70: 1, 83: 2, 84: 1, 97: 1, 99: 2, 107: 2, 111: 1, 122: 1, 124: 2, 126: 1, 133: 3, 134: 1, 148: 1, 195: 1, 201: 1, 213: 2, 221: 1, 260: 7, 261: 1, 268: 1, 279: 2, 319: 2, 347: 3, 360: 1, 433: 1, 440: 1, 542: 5, 565: 8, 678: 2, 901: 12, 1099: 1, 1151: 2, 2012: 2, 3015: 2};Happy Mondays;Grandbag's Funeral;relaxed
55;{1: 6, 2: 5, 3: 6, 4: 7, 5: 5, 6: 11, 7: 1, 8: 1, 9: 2, 10: 1, 12: 2, 13: 2, 14: 2, 15: 3, 16: 2, 17: 2, 18: 4, 19: 8, 22: 1, 24: 3, 25: 1, 26: 1, 29: 1, 31: 2, 32: 2, 33: 1, 34: 1, 35: 2, 36: 1, 37: 1, 44: 1, 45: 1, 46: 3, 51: 9, 52: 1, 54: 1, 58: 1, 59: 1, 62: 2, 81: 1, 82: 1, 84: 2, 98: 1, 110: 2, 122: 8, 148: 1, 149: 1, 154: 1, 164: 8, 165: 1, 166: 1, 203: 1, 205: 1, 240: 1, 250: 1, 251: 1, 259: 8, 264: 1, 274: 2, 280: 2, 291: 1, 299: 1, 307: 1, 311: 1, 338: 8, 363: 1, 384: 1, 392: 1, 416: 1, 426: 1, 443: 1, 458: 1, 495: 1, 499: 1, 535: 1, 544: 1, 545: 1, 581: 8, 585: 1, 601: 1, 625: 1, 638: 8, 649: 1, 668: 8, 686: 2, 720: 1, 808: 1, 832: 1, 926: 1, 1015: 1, 1071: 1, 1147: 2, 1183: 1, 1280: 1, 1306: 1, 1317: 1, 1433: 1, 1708: 1, 1727: 1, 1910: 1, 2219: 1, 2759: 1, 2959: 1, 3072: 1, 3677: 1, 4248: 1, 4491: 1};John Berry;Ninety Miles An Hour;sad
56;{1: 20, 2: 9, 3: 6, 4: 4, 5: 5, 6: 9, 7: 4, 8: 2, 9: 12, 10: 6, 11: 5, 12: 1, 13: 6, 14: 9, 16: 5, 17: 2, 18: 5, 19: 2, 20: 3, 21: 4, 22: 2, 23: 3, 25: 1, 26: 2, 28: 1, 29: 3, 30: 4, 31: 6, 32: 2, 33: 1, 34: 4, 36: 1, 37: 12, 40: 2, 41: 1, 44: 2, 46: 1, 49: 7, 51: 2, 52: 1, 56: 2, 58: 2, 59: 1, 62: 1, 64: 2, 66: 4, 69: 2, 70: 6, 72: 1, 75: 2, 79: 1, 81: 2, 83: 2, 91: 1, 95: 1, 96: 2, 97: 2, 105: 1, 108: 2, 109: 1, 110: 4, 115: 4, 116: 1, 120: 9, 123: 1, 125: 2, 127: 1, 155: 2, 187: 2, 190: 2, 195: 1, 214: 1, 216: 2, 231: 1, 235: 2, 244: 1, 257: 2, 259: 1, 265: 2, 276: 1, 277: 2, 280: 2, 282: 1, 287: 2, 291: 2, 306: 2, 316: 2, 330: 1, 336: 1, 340: 1, 350: 1, 361: 1, 364: 1, 371: 1, 392: 2, 427: 2, 461: 1, 474: 2, 519: 1, 531: 1, 557: 1, 562: 1, 592: 1, 625: 2, 676: 1, 749: 1, 942: 1, 1027: 2, 1114: 1, 1115: 1, 1117: 1, 1141: 1, 1173: 1, 1526: 1, 1544: 1, 1545: 1, 1688: 1, 1817: 1, 1835: 1, 2020: 1, 2054: 1, 2093: 1, 2227: 1, 3078: 1, 3874: 1, 4668: 1, 4681: 1};My Chemical Romance;You Know What They Do To Guys Like Us In Prison (Album Version);angry
57;{1: 3, 2: 9, 3: 24, 4: 27, 5: 1, 6: 8, 7: 4, 8: 2, 9: 3, 10: 1, 13: 11, 14: 2, 15: 8, 16: 3, 17: 9, 20: 1, 21: 8, 22: 2, 24: 2, 25: 2, 26: 1, 29: 1, 32: 12, 33: 15, 34: 2, 35: 2, 41: 20, 52: 2, 55: 5, 56: 4, 59: 2, 61: 1, 62: 2, 74: 2, 78: 2, 92: 1, 95: 1, 113: 6, 164: 2, 169: 1, 180: 6, 220: 1, 221: 2, 258: 2, 275: 2, 297: 1, 306: 2, 330: 1, 333: 4, 341: 6, 406: 1, 410: 4, 413: 8, 445: 1, 748: 1, 814: 1, 886: 2, 1035: 1, 1041: 4, 1075: 5, 1522: 2, 1579: 2, 1795: 4, 1836: 1, 1966: 2, 2000: 1, 2025: 2, 2063: 1, 2919: 1, 3595: 1, 4707: 12};Sick Of It All;Consume (LP Version);sad
58;{1: 15, 2: 8, 3: 17, 4: 11, 5: 9, 6: 5, 7: 8, 8: 53, 9: 6, 10: 5, 11: 7, 12: 2, 14: 5, 15: 3, 16: 4, 17: 1, 20: 9, 21: 1, 24: 1, 26: 1, 28: 7, 29: 3, 31: 1, 32: 2, 36: 3, 37: 3, 39: 3, 40: 1, 41: 3, 43: 23, 44: 26, 45: 4, 46: 2, 51: 6, 52: 7, 55: 3, 56: 2, 57: 1, 61: 1, 62: 3, 63: 5, 64: 4, 67: 1, 68: 1, 72: 8, 73: 13, 76: 1, 78: 4, 80: 6, 82: 8, 86: 1, 88: 3, 98: 1, 103: 1, 108: 1, 115: 1, 118: 2, 129: 13, 130: 1, 134: 3, 141: 1, 157: 1, 178: 1, 203: 2, 206: 1, 207: 1, 213: 1, 223: 1, 224: 1, 237: 5, 241: 1, 260: 8, 262: 1, 285: 2, 301: 1, 320: 1, 340: 1, 371: 5, 374: 1, 422: 1, 427: 1, 438: 1, 497: 3, 565: 4, 568: 1, 578: 2, 622: 3, 687: 3, 689: 1, 695: 1, 707: 1, 731: 1, 765: 1, 853: 12, 948: 1, 967: 3, 968: 1, 1002: 3, 1080: 4, 1106: 3, 1123: 1, 1197: 3, 1257: 1, 1337: 1, 1385: 3, 1419: 1, 1981: 2, 2324: 1, 2362: 6, 2706: 1, 2853: 3, 3846: 1, 4045: 3, 4566: 1};Juelz Santana;There It Go (The Whistle Song);relaxed
59;{1: 5, 2: 18, 4: 1, 5: 5, 6: 8, 7: 2, 8: 2, 10: 4, 11: 9, 12: 3, 13: 8, 15: 4, 17: 4, 18: 1, 23: 1, 25: 1, 32: 1, 34: 1, 36: 3, 40: 2, 43: 1, 45: 1, 55: 1, 58: 1, 59: 2, 69: 2, 71: 1, 75: 2, 85: 1, 89: 1, 91: 1, 97: 1, 105: 1, 115: 2, 124: 1, 132: 1, 138: 1, 143: 1, 153: 1, 162: 2, 182: 1, 216: 1, 220: 1, 225: 1, 227: 1, 252: 2, 271: 3, 283: 2, 334: 1, 338: 1, 370: 1, 371: 1, 403: 3, 420: 1, 432: 1, 446: 1, 461: 1, 467: 1, 477: 1, 483: 1, 486: 1, 509: 1, 513: 1, 517: 1, 540: 1, 542: 1, 656: 1, 693: 1, 778: 1, 780: 1, 882: 1, 883: 1, 991: 1, 1073: 1, 1169: 1, 1357: 1, 1738: 1, 1831: 1, 1973: 2, 2200: 1, 2293: 1, 2335: 1, 2396: 1, 2465: 1, 2486: 1, 3323: 1, 3378: 6, 3608: 1, 3766: 2, 4121: 1, 4284: 1, 4551: 2};Simon & Garfunkel;Patterns;sad
60;{2: 16, 3: 1, 4: 1, 5: 5, 10: 5, 13: 4, 19: 6, 21: 3, 22: 5, 23: 3, 26: 1, 27: 6, 32: 2, 39: 5, 57: 3, 65: 2, 69: 1, 73: 1, 75: 2, 79: 1, 86: 1, 92: 1, 93: 6, 94: 3, 111: 3, 125: 4, 131: 3, 142: 5, 146: 2, 171: 1, 280: 2, 316: 1, 329: 2, 376: 1, 464: 2, 916: 2, 988: 2, 1394: 1, 1600: 1, 2434: 1};Fun Lovin' Criminals;We Have All The Time In The World;happy
61;{2: 3, 3: 4, 4: 2, 5: 4, 6: 5, 9: 7, 13: 2, 15: 1, 17: 2, 21: 8, 24: 1, 26: 1, 31: 1, 32: 3, 34: 3, 36: 1, 43: 1, 49: 1, 50: 4, 51: 1, 60: 10, 64: 2, 67: 2, 69: 1, 70: 4, 79: 3, 80: 4, 81: 3, 95: 5, 97: 1, 101: 2, 108: 4, 122: 4, 123: 3, 124: 3, 126: 5, 132: 1, 135: 2, 141: 4, 164: 2, 197: 3, 204: 2, 205: 3, 219: 4, 222: 2, 225: 6, 230: 1, 235: 1, 239: 4, 255: 1, 257: 2, 269: 1, 270: 1, 271: 1, 377: 1, 398: 3, 418: 4, 468: 2, 491: 1, 519: 2, 634: 4, 745: 3, 784: 1, 798: 2, 1188: 2, 1283: 2, 1670: 1, 2144: 2, 2249: 4, 2347: 1, 2855: 2, 3254: 2, 4919: 1};Aaron Watson;Whiskey on the Fire;angry
62;{1: 2, 2: 7, 4: 2, 5: 1, 8: 1, 9: 1, 11: 1, 12: 3, 15: 2, 18: 2, 22: 1, 24: 1, 29: 2, 43: 3, 44: 2, 48: 2, 50: 1, 52: 1, 57: 2, 67: 1, 79: 1, 96: 1, 137: 3, 197: 1, 259: 1, 276: 2, 361: 1, 376: 1, 548: 2, 645: 1, 682: 1, 1089: 1, 1195: 1, 2796: 1, 2844: 1, 2923: 1, 4592: 1};Rancid;The Bravest Kids (Acoustic);angry
63;{1: 4, 2: 16, 3: 20, 4: 18, 5: 11, 6: 5, 7: 1, 8: 2, 9: 2, 12: 9, 13: 1, 14: 1, 15: 10, 18: 4, 21: 4, 26: 2, 28: 1, 30: 3, 31: 1, 35: 1, 36: 3, 39: 4, 44: 1, 46: 2, 48: 1, 51: 1, 58: 3, 66: 1, 86: 2, 95: 1, 101: 1, 105: 3, 107: 4, 109: 10, 113: 4, 120: 4, 139: 4, 140: 3, 144: 1, 149: 1, 150: 3, 171: 9, 178: 9, 205: 2, 249: 3, 257: 2, 301: 3, 368: 1, 406: 1, 414: 1, 423: 3, 432: 1, 434: 3, 445: 3, 446: 4, 475: 4, 500: 1, 504: 1, 506: 1, 583: 1, 661: 3, 726: 6, 1131: 1, 1142: 4, 1154: 3, 1216: 1, 1510: 1, 1568: 2, 1606: 5};KT Tunstall;Paper Aeroplane (Live From 'Drastic Fantastic' Tour);sad
64;{1: 5, 2: 18, 3: 1, 4: 1, 5: 1, 6: 1, 7: 3, 8: 2, 10: 1, 12: 1, 13: 1, 14: 1, 15: 4, 21: 13, 23: 1, 24: 1, 27: 1, 29: 2, 32: 6, 41: 1, 43: 1, 44: 1, 48: 12, 58: 9, 60: 1, 61: 1, 62: 2, 63: 1, 64: 1, 67: 1, 79: 1, 103: 1, 105: 1, 108: 6, 109: 1, 164: 9, 186: 1, 205: 7, 206: 1, 257: 12, 282: 1, 300: 1, 301: 1, 304: 1, 318: 1, 323: 1, 380: 1, 504: 6, 584: 6, 634: 1, 745: 1, 754: 1, 816: 1, 876: 1, 1089: 1, 1156: 7, 1256: 1, 1323: 1, 1946: 1, 1989: 1, 2497: 6, 2648: 6, 2839: 1, 3286: 1, 4075: 1, 4622: 1};P.O.D.;Wildfire (Album Version);angry
65;{1: 1, 3: 1, 4: 1, 29: 1, 62: 1, 99: 1, 153: 1, 2578: 1};Shelby Lynne;Pretend;angry
66;{1: 5, 2: 1, 3: 10, 4: 3, 5: 2, 6: 3, 7: 2, 8: 2, 9: 2, 10: 3, 12: 3, 14: 3, 15: 1, 18: 2, 20: 1, 21: 4, 22: 4, 25: 1, 27: 3, 29: 2, 31: 2, 34: 1, 35: 1, 41: 1, 44: 2, 52: 2, 54: 1, 56: 1, 64: 1, 67: 1, 68: 1, 69: 1, 72: 1, 74: 1, 79: 1, 81: 1, 84: 1, 86: 1, 88: 1, 89: 1, 93: 2, 122: 1, 123: 1, 141: 3, 153: 1, 213: 1, 214: 1, 233: 1, 234: 1, 280: 1, 300: 1, 308: 8, 316: 1, 329: 1, 336: 1, 340: 1, 418: 1, 477: 1, 529: 1, 554: 1, 566: 1, 625: 1, 640: 1, 689: 1, 714: 1, 898: 1, 961: 1, 1375: 1, 1443: 1, 1636: 1, 1959: 1, 1983: 1, 4185: 1, 4682: 1};Harry Connick_ Jr.;Once;happy
67;{2: 22, 3: 4, 4: 3, 5: 2, 6: 17, 7: 2, 8: 8, 9: 3, 10: 1, 11: 1, 12: 8, 13: 1, 14: 1, 15: 4, 16: 3, 17: 5, 25: 3, 26: 2, 31: 1, 33: 7, 34: 4, 35: 1, 37: 6, 41: 1, 49: 3, 51: 1, 53: 3, 54: 4, 57: 15, 58: 2, 59: 5, 60: 5, 66: 2, 67: 1, 71: 4, 72: 2, 73: 1, 74: 14, 76: 22, 80: 9, 85: 1, 88: 1, 93: 1, 95: 2, 96: 2, 98: 1, 100: 2, 105: 1, 106: 3, 126: 1, 138: 1, 144: 1, 149: 4, 155: 3, 157: 21, 168: 1, 171: 1, 194: 1, 201: 2, 203: 1, 206: 1, 216: 1, 235: 4, 239: 2, 244: 2, 264: 1, 269: 1, 299: 2, 307: 1, 318: 3, 342: 5, 357: 1, 375: 1, 390: 1, 427: 1, 430: 1, 462: 1, 465: 1, 500: 1, 557: 15, 593: 4, 602: 1, 661: 1, 700: 4, 724: 1, 772: 1, 775: 4, 859: 1, 934: 1, 1255: 1, 1317: 1, 1387: 1, 1406: 4, 1461: 1, 1545: 1, 1663: 6, 2027: 1, 2116: 12, 3049: 1, 3774: 1};Aerosmith;Janie's Got A Gun;angry
68;{2: 22, 3: 4, 4: 3, 5: 2, 6: 17, 7: 2, 8: 8, 9: 3, 10: 1, 11: 1, 12: 8, 13: 1, 14: 1, 15: 4, 16: 3, 17: 5, 25: 3, 26: 2, 31: 1, 33: 7, 34: 4, 35: 1, 37: 6, 41: 1, 49: 3, 51: 1, 53: 3, 54: 4, 57: 15, 58: 2, 59: 5, 60: 5, 66: 2, 67: 1, 71: 4, 72: 2, 73: 1, 74: 14, 76: 22, 80: 9, 85: 1, 88: 1, 93: 1, 95: 2, 96: 2, 98: 1, 100: 2, 105: 1, 106: 3, 126: 1, 138: 1, 144: 1, 149: 4, 155: 3, 157: 21, 168: 1, 171: 1, 194: 1, 201: 2, 203: 1, 206: 1, 216: 1, 235: 4, 239: 2, 244: 2, 264: 1, 269: 1, 299: 2, 307: 1, 318: 3, 342: 5, 357: 1, 375: 1, 390: 1, 427: 1, 430: 1, 462: 1, 465: 1, 500: 1, 557: 15, 593: 4, 602: 1, 661: 1, 700: 4, 724: 1, 772: 1, 775: 4, 859: 1, 934: 1, 1255: 1, 1317: 1, 1387: 1, 1406: 4, 1461: 1, 1545: 1, 1663: 6, 2027: 1, 2116: 12, 3049: 1, 3774: 1};Aerosmith;Janie's Got A Gun;angry
69;{1: 4, 2: 6, 3: 6, 5: 1, 7: 4, 8: 1, 9: 4, 11: 2, 13: 4, 18: 3, 21: 3, 25: 1, 30: 1, 40: 1, 43: 1, 50: 1, 56: 1, 63: 1, 71: 1, 74: 1, 75: 2, 83: 3, 84: 2, 103: 1, 119: 1, 123: 1, 131: 1, 142: 1, 146: 1, 150: 1, 157: 3, 240: 1, 249: 1, 301: 1, 305: 1, 369: 1, 371: 1, 418: 1, 527: 1, 561: 1, 609: 1, 699: 1, 705: 1, 721: 1, 723: 1, 910: 1, 1573: 1, 2685: 1};Sade;Morning Bird;relaxed
70;{1: 4, 2: 5, 3: 7, 5: 5, 7: 1, 8: 1, 9: 1, 10: 2, 12: 2, 13: 1, 18: 1, 28: 1, 31: 1, 33: 1, 36: 1, 40: 1, 50: 1, 52: 1, 55: 1, 58: 1, 59: 1, 74: 1, 76: 1, 84: 2, 92: 1, 93: 1, 96: 1, 113: 1, 116: 2, 157: 1, 164: 1, 168: 2, 169: 1, 206: 1, 220: 2, 257: 2, 265: 2, 278: 1, 362: 1, 450: 1, 454: 1, 680: 2, 753: 1};Radiohead;You (Demo);angry
71;{1: 1, 20: 1, 24: 7, 82: 1, 123: 3, 128: 1, 174: 1, 507: 5, 716: 1, 1198: 1, 1282: 1, 1607: 1, 1612: 1, 1879: 1, 3149: 1, 3780: 1, 4477: 1, 4549: 1};Phantom Planet;Here I Am;relaxed
72;{1: 7, 2: 4, 3: 2, 4: 1, 5: 2, 6: 2, 8: 4, 9: 5, 10: 4, 11: 2, 12: 2, 14: 10, 15: 1, 16: 4, 17: 1, 21: 5, 22: 1, 23: 1, 25: 3, 27: 6, 30: 2, 36: 1, 39: 1, 41: 2, 43: 1, 44: 4, 45: 1, 51: 1, 53: 1, 58: 2, 60: 2, 63: 10, 64: 2, 65: 1, 70: 1, 78: 1, 80: 1, 81: 4, 89: 1, 103: 4, 119: 1, 121: 1, 123: 2, 125: 3, 135: 1, 145: 1, 172: 2, 186: 1, 188: 1, 191: 4, 195: 4, 204: 1, 212: 1, 225: 2, 230: 2, 269: 1, 279: 1, 280: 1, 297: 1, 302: 1, 354: 1, 393: 1, 406: 1, 413: 2, 440: 13, 513: 1, 547: 2, 577: 1, 669: 1, 670: 3, 756: 1, 847: 1, 1065: 13, 1457: 1, 1725: 2, 2053: 1, 2438: 1, 2788: 2, 4322: 1};The Killers;A White Demon Love Song (Soundtrack Album Version);angry
73;{1: 1, 3: 3, 5: 3, 16: 1, 17: 5, 18: 1, 22: 1, 31: 1, 33: 1, 44: 3, 49: 1, 59: 1, 132: 1, 231: 1, 417: 1, 540: 1, 646: 1, 1116: 1, 1563: 2, 2047: 1};U2;October;sad
74;{1: 1, 2: 1, 4: 1, 5: 1, 7: 1, 11: 8, 12: 4, 13: 3, 22: 1, 30: 3, 32: 1, 33: 3, 35: 1, 37: 1, 55: 1, 69: 1, 75: 5, 92: 1, 97: 1, 115: 1, 121: 1, 159: 1, 162: 1, 166: 1, 171: 1, 173: 1, 178: 1, 180: 3, 252: 1, 259: 1, 301: 1, 305: 4, 351: 1, 398: 1, 450: 1, 467: 2, 475: 1, 577: 4, 594: 1, 613: 4, 684: 1, 694: 5, 701: 1, 819: 2, 847: 1, 855: 1, 1005: 1, 1065: 2, 1800: 1, 2685: 1, 2801: 1};Skeletonwitch;Within My Blood;angry
75;{1: 39, 2: 30, 3: 7, 5: 7, 8: 8, 9: 30, 10: 7, 11: 2, 12: 16, 14: 5, 16: 1, 20: 15, 21: 6, 22: 1, 25: 3, 26: 1, 28: 2, 30: 17, 35: 1, 39: 2, 40: 12, 41: 9, 61: 14, 63: 7, 66: 1, 74: 6, 75: 1, 78: 2, 91: 2, 121: 1, 141: 9, 154: 4, 169: 2, 172: 6, 173: 2, 188: 1, 190: 6, 229: 1, 244: 30, 267: 1, 271: 1, 291: 7, 351: 1, 364: 1, 402: 1, 618: 7, 803: 1, 820: 6, 941: 4};unloco;Bystander (Album Version);relaxed
76;{1: 6, 2: 8, 3: 6, 4: 6, 5: 1, 6: 4, 10: 6, 11: 3, 13: 5, 14: 10, 21: 2, 22: 6, 27: 6, 32: 9, 41: 2, 43: 3, 59: 2, 81: 17, 82: 1, 93: 3, 99: 1, 126: 1, 134: 2, 165: 2, 171: 2, 182: 1, 184: 3, 196: 1, 222: 1, 233: 1, 318: 1, 398: 1, 420: 1, 454: 2, 491: 4, 508: 3, 521: 3, 613: 1, 683: 1, 694: 1, 705: 20, 933: 20, 955: 1, 1255: 1, 1259: 20, 1266: 1, 1563: 1, 1934: 1, 2117: 1, 2547: 1, 3814: 1, 3911: 1};MxPx;Drum Machine Joy;happy
77;{1: 5, 2: 16, 3: 10, 4: 7, 5: 12, 6: 10, 7: 2, 8: 3, 9: 18, 10: 5, 11: 1, 12: 6, 13: 2, 14: 3, 15: 1, 16: 13, 17: 4, 19: 19, 20: 2, 22: 5, 23: 3, 24: 2, 25: 7, 28: 2, 29: 4, 30: 1, 31: 1, 32: 4, 34: 1, 37: 2, 43: 2, 44: 4, 46: 1, 49: 1, 50: 1, 52: 2, 53: 2, 54: 2, 56: 1, 57: 5, 60: 3, 63: 1, 64: 1, 66: 1, 67: 2, 70: 1, 72: 7, 80: 4, 83: 3, 89: 3, 94: 1, 97: 2, 98: 3, 118: 2, 123: 4, 125: 9, 129: 7, 131: 2, 133: 2, 134: 6, 145: 1, 154: 5, 164: 1, 166: 11, 168: 3, 170: 1, 173: 2, 183: 1, 185: 2, 193: 3, 195: 1, 197: 1, 199: 6, 231: 7, 237: 2, 266: 8, 308: 6, 311: 6, 316: 1, 326: 1, 340: 2, 358: 4, 376: 3, 378: 1, 407: 6, 415: 3, 430: 3, 467: 2, 478: 1, 479: 1, 486: 1, 519: 1, 622: 2, 638: 1, 752: 1, 787: 2, 872: 1, 881: 5, 927: 3, 1085: 1, 1106: 1, 1151: 1, 1172: 1, 1268: 1, 1377: 1, 1410: 1, 1498: 1, 1531: 1, 1813: 1, 1870: 2, 1882: 1, 2016: 1, 2324: 1, 2465: 1, 2997: 1, 4342: 1, 4388: 1, 4668: 1};Rihanna;Good Girl Gone Bad;relaxed
78;{1: 5, 2: 16, 3: 10, 4: 7, 5: 12, 6: 10, 7: 2, 8: 3, 9: 18, 10: 5, 11: 1, 12: 6, 13: 2, 14: 3, 15: 1, 16: 13, 17: 4, 19: 19, 20: 2, 22: 5, 23: 3, 24: 2, 25: 7, 28: 2, 29: 4, 30: 1, 31: 1, 32: 4, 34: 1, 37: 2, 43: 2, 44: 4, 46: 1, 49: 1, 50: 1, 52: 2, 53: 2, 54: 2, 56: 1, 57: 5, 60: 3, 63: 1, 64: 1, 66: 1, 67: 2, 70: 1, 72: 7, 80: 4, 83: 3, 89: 3, 94: 1, 97: 2, 98: 3, 118: 2, 123: 4, 125: 9, 129: 7, 131: 2, 133: 2, 134: 6, 145: 1, 154: 5, 164: 1, 166: 11, 168: 3, 170: 1, 173: 2, 183: 1, 185: 2, 193: 3, 195: 1, 197: 1, 199: 6, 231: 7, 237: 2, 266: 8, 308: 6, 311: 6, 316: 1, 326: 1, 340: 2, 358: 4, 376: 3, 378: 1, 407: 6, 415: 3, 430: 3, 467: 2, 478: 1, 479: 1, 486: 1, 519: 1, 622: 2, 638: 1, 752: 1, 787: 2, 872: 1, 881: 5, 927: 3, 1085: 1, 1106: 1, 1151: 1, 1172: 1, 1268: 1, 1377: 1, 1410: 1, 1498: 1, 1531: 1, 1813: 1, 1870: 2, 1882: 1, 2016: 1, 2324: 1, 2465: 1, 2997: 1, 4342: 1, 4388: 1, 4668: 1};Rihanna;Good Girl Gone Bad;relaxed
79;{1: 1, 2: 15, 4: 4, 5: 3, 6: 8, 10: 6, 12: 1, 13: 6, 15: 1, 17: 2, 22: 1, 32: 1, 34: 1, 39: 1, 40: 1, 43: 1, 45: 4, 49: 1, 53: 7, 54: 2, 59: 1, 65: 1, 68: 1, 72: 2, 74: 1, 80: 1, 89: 1, 94: 1, 97: 1, 105: 1, 107: 1, 115: 1, 122: 1, 127: 1, 149: 1, 150: 2, 157: 1, 172: 1, 183: 2, 186: 1, 263: 1, 338: 1, 353: 1, 393: 1, 403: 1, 426: 1, 520: 1, 540: 1, 590: 1, 596: 2, 642: 1, 779: 1, 819: 1, 851: 1, 945: 2, 961: 1, 965: 1, 1023: 1, 1136: 1, 1241: 1, 1524: 1, 2107: 1, 2185: 1, 2226: 1, 2647: 1, 2672: 1, 2841: 1, 2902: 1, 3008: 1, 3440: 1, 3452: 1, 3485: 1, 3708: 2, 3960: 1, 4101: 1, 4588: 2, 4787: 2};Nick Cave & The Bad Seeds;Christina The Astonishing (2010 Digital Remaster);sad
80;{1: 14, 2: 13, 5: 4, 8: 3, 9: 5, 11: 2, 12: 5, 13: 2, 16: 3, 17: 6, 18: 4, 20: 9, 31: 6, 35: 2, 59: 2, 70: 2, 73: 2, 76: 2, 121: 3, 176: 4, 257: 2, 279: 2, 305: 1, 327: 2, 362: 1, 420: 17, 672: 4, 814: 2, 843: 2, 938: 3, 1235: 2, 1462: 4, 1496: 17, 1568: 2, 1577: 2, 2209: 3, 2817: 2, 3267: 2, 4486: 2};Temple Of The Dog;Hunger Strike;sad
81;{1: 14, 2: 13, 5: 4, 8: 3, 9: 5, 11: 2, 12: 5, 13: 2, 16: 3, 17: 6, 18: 4, 20: 9, 31: 6, 35: 2, 59: 2, 70: 2, 73: 2, 76: 2, 121: 3, 176: 4, 257: 2, 279: 2, 305: 1, 327: 2, 362: 1, 420: 17, 672: 4, 814: 2, 843: 2, 938: 3, 1235: 2, 1462: 4, 1496: 17, 1568: 2, 1577: 2, 2209: 3, 2817: 2, 3267: 2, 4486: 2};Temple Of The Dog;Hunger Strike;sad
82;{1: 11, 2: 11, 3: 15, 4: 1, 5: 4, 6: 14, 8: 2, 10: 10, 11: 2, 12: 1, 13: 9, 14: 10, 15: 3, 18: 1, 21: 1, 22: 1, 23: 1, 26: 12, 31: 1, 35: 2, 40: 2, 43: 1, 51: 1, 55: 3, 56: 1, 57: 11, 61: 1, 64: 1, 67: 1, 72: 1, 81: 2, 88: 3, 91: 13, 95: 1, 99: 1, 108: 1, 115: 1, 142: 1, 163: 1, 178: 1, 192: 1, 217: 1, 268: 1, 289: 1, 294: 1, 328: 1, 461: 1, 464: 1, 591: 1, 625: 5, 690: 3, 763: 1, 829: 1, 877: 1, 929: 9, 1083: 5, 1487: 1, 2906: 1, 3516: 1};P.O.D.;Eyes Of A Stranger (Album Version);angry
83;{1: 15, 3: 17, 5: 6, 6: 1, 7: 4, 8: 31, 11: 3, 12: 30, 13: 5, 14: 1, 15: 5, 20: 3, 21: 1, 22: 3, 23: 4, 24: 1, 25: 1, 26: 1, 27: 22, 29: 2, 30: 1, 34: 3, 35: 7, 37: 2, 39: 4, 40: 1, 48: 1, 57: 1, 59: 1, 62: 1, 66: 4, 72: 1, 73: 3, 81: 2, 83: 1, 86: 1, 91: 1, 96: 1, 98: 1, 100: 1, 116: 4, 119: 3, 122: 1, 130: 2, 132: 4, 137: 1, 145: 4, 146: 4, 147: 2, 160: 2, 169: 1, 178: 1, 182: 2, 202: 1, 204: 4, 216: 1, 221: 4, 231: 1, 233: 1, 256: 2, 266: 4, 267: 1, 339: 1, 404: 1, 810: 1, 1059: 1, 2524: 1, 2538: 1, 2710: 2, 3234: 1};3 of Hearts;Is It Love;happy
84;{1: 2, 2: 2, 6: 7, 23: 2, 32: 5, 34: 2, 54: 2, 61: 5, 64: 5, 65: 2, 72: 5, 84: 2, 101: 2, 106: 7, 131: 2, 135: 2, 527: 7, 2247: 7};Uman;The way to Peace;relaxed
85;{1: 28, 2: 13, 3: 3, 4: 1, 5: 15, 7: 4, 9: 9, 10: 5, 11: 3, 12: 1, 13: 7, 14: 2, 15: 12, 16: 1, 18: 4, 20: 3, 21: 11, 22: 4, 23: 7, 24: 9, 25: 1, 26: 1, 27: 1, 28: 2, 34: 2, 35: 2, 41: 2, 43: 2, 45: 1, 46: 2, 48: 10, 49: 5, 55: 1, 58: 2, 59: 3, 66: 3, 72: 2, 74: 2, 76: 8, 83: 1, 92: 9, 96: 2, 106: 1, 123: 5, 126: 8, 130: 2, 132: 2, 141: 1, 157: 2, 186: 2, 190: 3, 196: 1, 285: 3, 293: 10, 297: 2, 313: 6, 322: 2, 345: 4, 346: 32, 486: 4, 524: 2, 551: 7, 613: 3, 636: 2, 705: 1, 745: 4, 764: 1, 806: 1, 1020: 2, 1153: 4, 1372: 3, 1375: 1, 1473: 1, 1523: 1, 1856: 25, 1909: 2, 2006: 2, 2177: 4, 2252: 2, 2355: 1, 2486: 4, 2966: 4, 3856: 1};Donnie McClurkin;Psalm 27;happy
86;{1: 4, 2: 2, 3: 4, 4: 6, 5: 5, 6: 11, 7: 3, 9: 4, 15: 4, 28: 1, 30: 10, 32: 2, 33: 8, 40: 1, 64: 5, 75: 7, 93: 2, 108: 6, 113: 4, 123: 4, 125: 5, 142: 4, 164: 6, 169: 27, 200: 7, 219: 3, 227: 4, 271: 4, 354: 4, 454: 4, 515: 3, 634: 2, 748: 5, 880: 27, 1121: 4, 1450: 4, 1518: 2, 2534: 4, 3052: 4, 3164: 4, 3241: 4, 4948: 3};Hatebreed;Destroy Everything (Album Version);angry
87;{1: 6, 3: 8, 4: 1, 5: 1, 7: 2, 9: 1, 11: 5, 13: 2, 16: 2, 18: 2, 21: 8, 22: 4, 23: 2, 24: 1, 25: 4, 26: 1, 28: 3, 32: 1, 33: 1, 34: 2, 37: 1, 61: 1, 62: 1, 72: 1, 74: 2, 94: 1, 134: 1, 142: 1, 265: 1, 279: 1, 297: 3, 308: 1, 326: 1, 329: 2, 341: 3, 370: 1, 524: 2, 690: 1, 755: 2, 811: 2, 1862: 1, 2031: 1, 2767: 1, 2791: 1, 3050: 1};The Gathering;Locked Away;angry
88;{1: 6, 3: 8, 4: 1, 5: 1, 7: 2, 9: 1, 11: 5, 13: 2, 16: 2, 18: 2, 21: 8, 22: 4, 23: 2, 24: 1, 25: 4, 26: 1, 28: 3, 32: 1, 33: 1, 34: 2, 37: 1, 61: 1, 62: 1, 72: 1, 74: 2, 94: 1, 134: 1, 142: 1, 265: 1, 279: 1, 297: 3, 308: 1, 326: 1, 329: 2, 341: 3, 370: 1, 524: 2, 690: 1, 755: 2, 811: 2, 1862: 1, 2031: 1, 2767: 1, 2791: 1, 3050: 1};The Gathering;Locked Away;angry
89;{1: 14, 2: 9, 3: 15, 4: 2, 5: 3, 6: 4, 7: 12, 8: 1, 9: 4, 10: 2, 12: 4, 13: 2, 14: 1, 15: 3, 21: 15, 22: 2, 23: 9, 24: 1, 26: 7, 27: 13, 29: 2, 32: 1, 33: 11, 37: 1, 44: 2, 46: 1, 48: 1, 53: 3, 54: 1, 55: 1, 56: 1, 58: 1, 59: 1, 60: 10, 68: 2, 69: 1, 71: 1, 74: 1, 75: 1, 80: 1, 82: 1, 84: 1, 85: 1, 89: 1, 95: 2, 97: 1, 100: 1, 103: 6, 106: 1, 109: 1, 115: 3, 123: 1, 126: 1, 130: 1, 138: 1, 141: 2, 144: 1, 146: 1, 152: 1, 154: 1, 162: 1, 168: 1, 171: 3, 172: 2, 173: 1, 180: 1, 185: 1, 190: 1, 196: 1, 221: 2, 229: 1, 234: 1, 264: 1, 275: 2, 293: 1, 299: 4, 320: 1, 327: 1, 331: 1, 349: 1, 363: 1, 375: 1, 393: 1, 422: 1, 427: 3, 438: 1, 443: 1, 444: 1, 446: 1, 520: 1, 548: 1, 554: 3, 575: 1, 617: 1, 627: 1, 651: 1, 825: 1, 837: 1, 930: 1, 959: 1, 1093: 1, 1324: 1, 1709: 1, 1723: 1, 2872: 2, 3816: 1, 4349: 1};Jars Of Clay;Love Me;happy
90;{1: 12, 2: 16, 3: 14, 4: 24, 5: 8, 9: 12, 10: 6, 11: 4, 15: 9, 16: 12, 17: 16, 18: 2, 27: 6, 40: 1, 45: 3, 48: 2, 55: 1, 61: 2, 62: 12, 92: 10, 119: 1, 156: 14, 168: 1, 188: 3, 289: 2, 338: 2, 592: 2, 929: 2, 989: 4, 1083: 4, 1154: 1, 1247: 3, 1396: 1, 1750: 1, 2152: 2, 2378: 3, 2380: 1, 2839: 2, 3139: 3};22-20s;Hold On;angry
91;{1: 15, 2: 10, 3: 18, 4: 5, 5: 10, 6: 4, 7: 36, 8: 4, 9: 3, 10: 4, 11: 5, 12: 1, 13: 4, 15: 2, 16: 3, 17: 2, 18: 7, 20: 1, 21: 1, 23: 2, 25: 1, 26: 3, 27: 11, 28: 7, 31: 1, 32: 1, 37: 1, 40: 6, 45: 17, 48: 6, 51: 1, 56: 5, 61: 1, 64: 6, 71: 3, 74: 1, 78: 1, 81: 1, 84: 7, 88: 1, 99: 3, 101: 1, 103: 4, 121: 1, 124: 1, 127: 4, 130: 3, 134: 1, 139: 1, 155: 2, 185: 1, 213: 6, 279: 2, 280: 2, 290: 2, 311: 1, 355: 6, 402: 1, 415: 5, 439: 1, 462: 2, 484: 3, 491: 1, 508: 1, 546: 2, 591: 1, 797: 3, 844: 4, 867: 1, 1080: 3, 1603: 1, 2399: 17, 2438: 1, 3919: 1};Descendents;Cheer;happy
92;{1: 29, 2: 2, 3: 34, 4: 2, 5: 5, 6: 1, 9: 5, 11: 5, 12: 6, 14: 1, 15: 6, 21: 1, 22: 6, 23: 14, 24: 12, 26: 1, 27: 28, 30: 6, 32: 1, 33: 2, 35: 1, 36: 4, 43: 2, 57: 4, 65: 1, 66: 2, 71: 1, 73: 3, 84: 2, 87: 2, 94: 2, 100: 2, 109: 6, 113: 9, 118: 17, 123: 1, 142: 2, 146: 1, 149: 5, 155: 2, 168: 2, 172: 8, 180: 2, 194: 2, 202: 2, 274: 1, 290: 1, 339: 1, 426: 4, 488: 2, 525: 8, 730: 1, 2530: 18};Deftones;No Ordinary Love (Remastered LP Version);happy
93;{1: 17, 2: 8, 3: 1, 4: 2, 5: 1, 6: 16, 7: 9, 8: 8, 9: 6, 10: 5, 11: 3, 12: 6, 13: 3, 16: 2, 17: 17, 18: 1, 20: 5, 21: 1, 24: 3, 25: 3, 28: 1, 30: 3, 31: 1, 33: 1, 35: 1, 37: 1, 39: 3, 40: 1, 44: 2, 45: 1, 46: 2, 49: 2, 50: 3, 52: 1, 54: 3, 56: 1, 57: 8, 58: 1, 59: 2, 60: 1, 61: 1, 64: 1, 68: 2, 70: 3, 72: 1, 75: 1, 76: 4, 78: 1, 82: 2, 83: 1, 89: 1, 96: 1, 105: 1, 120: 4, 123: 2, 124: 2, 134: 1, 135: 1, 144: 1, 148: 1, 150: 2, 157: 3, 159: 1, 160: 1, 164: 13, 175: 1, 195: 1, 199: 1, 201: 1, 211: 1, 215: 1, 219: 1, 228: 1, 237: 2, 241: 2, 248: 2, 259: 13, 276: 1, 302: 1, 303: 1, 313: 2, 332: 1, 338: 15, 342: 1, 358: 1, 380: 1, 384: 3, 402: 1, 419: 1, 436: 1, 438: 1, 464: 1, 465: 2, 470: 1, 488: 2, 517: 1, 528: 1, 529: 1, 590: 1, 749: 1, 863: 2, 970: 1, 1045: 1, 1050: 1, 1086: 1, 1114: 1, 1175: 1, 1391: 1, 1464: 1, 1552: 1, 1572: 1, 1718: 2, 1782: 1, 2078: 2, 2756: 1, 2763: 2, 3142: 2, 3571: 1, 3887: 1, 3977: 2};Foghat;Dead End Street;sad
94;{1: 20, 2: 7, 3: 19, 4: 6, 5: 11, 7: 18, 8: 1, 11: 9, 15: 4, 17: 6, 19: 1, 22: 6, 25: 11, 27: 8, 29: 13, 35: 1, 40: 1, 41: 6, 46: 1, 51: 1, 55: 2, 62: 6, 63: 6, 64: 2, 66: 6, 69: 2, 73: 6, 75: 1, 92: 6, 96: 8, 100: 6, 120: 2, 159: 2, 275: 8, 338: 1, 342: 10, 355: 13, 674: 8, 738: 3, 1095: 1};Queens Of The Stone Age;Everybody's Gonna Be Happy;happy
95;{6: 1, 23: 1, 111: 1, 501: 1, 545: 1, 578: 1, 1086: 1, 2222: 1};Wyclef Jean;Midnight Lovers;sad
